date,stock_id,Trading_Volume,Trading_money,open,max,min,close,spread,Trading_turnover,,,,
2025/1/2,858,255581,8586856,33.62,33.64,33.54,33.63,-0.03,297,,,,
2025/1/3,858,1818001,61229546,33.62,33.74,33.61,33.66,0.03,970,,,,
2025/1/6,858,2784205,94774694,34.01,34.14,34.01,34.05,0.39,886,,,,",date,stock_id,Trading_Volume,Trading_money,open,max,min,close,spread,Trading_turnover"
2025/1/7,858,2166474,73794854,34.18,34.18,33.94,33.94,-0.11,1195,,,,
2025/1/8,858,1987770,67077995,33.69,33.81,33.69,33.8,-0.14,1017,,,,
2025/1/9,858,1442865,48795915,33.84,33.86,33.78,33.78,-0.02,780,,,,
2025/1/10,858,814969,27519826,33.76,33.81,33.68,33.79,0.01,553,,,,
2025/1/13,858,2308726,77096796,33.6,33.6,33.31,33.36,-0.43,1726,,,,
2025/1/14,858,1632748,54829246,33.52,33.66,33.5,33.6,0.24,492,,,,
2025/1/15,858,687277,23073132,33.57,33.59,33.51,33.59,-0.01,422,,,,
2025/1/16,858,1178250,40176725,34.18,34.18,34.03,34.09,0.5,548,,,,
2025/1/17,858,3269519,111550868,34.2,34.35,34,34.23,0.14,1298,,,,
2025/1/20,858,5230170,180904060,34.35,34.87,34.35,34.87,0.64,1964,,,,
2025/1/21,858,4327274,151752858,34.85,35.4,34.75,35.35,0.48,2182,,,,
2025/1/22,858,9809855,322051566,33.25,33.25,32.66,32.81,0,6968,,,,
2025/2/3,858,3135352,101243003,32.7,32.7,32.13,32.3,-0.51,2971,,,,
2025/2/4,858,1308847,42684169,32.68,32.72,32.43,32.52,0.22,1004,,,,
2025/2/5,858,1120374,36574206,32.65,32.8,32.58,32.62,0.1,852,,,,
2025/2/6,858,1130665,37139117,32.72,32.95,32.72,32.88,0.26,698,,,,
2025/2/7,858,1097962,36087007,32.93,32.94,32.82,32.86,-0.02,899,,,,
2025/2/10,858,1895425,61879686,32.85,32.85,32.59,32.69,-0.17,1372,,,,
2025/2/11,858,801241,26240867,32.73,32.79,32.73,32.75,0.06,540,,,,
2025/2/12,858,826281,27140835,32.8,32.87,32.8,32.86,0.11,544,,,,
2025/2/13,858,986169,32421920,32.9,32.9,32.85,32.87,0.01,626,,,,
2025/2/14,858,1263097,41820498,33.1,33.17,32.99,33.15,0.28,779,,,,
2025/2/17,858,1382598,45979870,33.25,33.3,33.2,33.28,0.13,844,,,,
2025/2/18,858,1749597,58250991,33.28,33.33,33.22,33.3,0.02,779,,,,
2025/2/19,858,1510071,50315376,33.44,33.44,33.28,33.29,-0.01,904,,,,
2025/2/20,858,1409351,46804574,33.3,33.32,33.15,33.17,-0.12,1477,,,,
2025/2/21,858,1928385,63779254,33.13,33.15,33,33.07,-0.1,1305,,,,
2025/2/24,858,3668910,119889179,32.82,32.85,32.6,32.68,-0.39,2774,,,,
2025/2/25,858,3681355,118898342,32.32,32.32,32.27,32.3,-0.38,3028,,,,
2025/2/26,858,2135846,68710725,32.16,32.21,32.14,32.2,-0.1,1835,,,,
2025/2/27,858,2003493,64408438,32.15,32.19,32.06,32.18,-0.02,1194,,,,
2025/3/3,858,1096859,35278790,32.17,32.25,32.09,32.25,0.07,1187,,,,
2025/3/4,858,3781563,120107719,31.9,31.9,31.72,31.78,-0.47,3049,,,,
2025/3/5,858,4270811,134298165,31.51,31.51,31.37,31.46,-0.32,3357,,,,
2025/3/6,858,857644,27061957,31.58,31.59,31.51,31.59,0.13,795,,,,
2025/3/7,858,2888768,89846215,31.2,31.2,31.06,31.08,-0.51,3119,,,,
2025/3/10,858,1678216,51986511,30.95,31.05,30.9,30.97,-0.11,1642,,,,
2025/3/11,858,2900107,87392598,30.01,30.36,29.97,30.34,-0.63,2532,,,,
2025/3/12,858,3486746,105188613,30.2,30.2,30.14,30.17,-0.17,2184,,,,
2025/3/13,858,2593103,78391840,30.3,30.34,30.1,30.12,-0.05,2571,,,,
2025/3/14,858,935592,28168630,30.13,30.14,30.06,30.11,-0.01,851,,,,
2025/3/17,858,713252,21682527,30.35,30.42,30.35,30.41,0.3,667,,,,
2025/3/18,858,2274502,69921070,30.71,30.81,30.7,30.72,0.31,1091,,,,
2025/3/19,858,844022,25756965,30.55,30.57,30.47,30.48,-0.24,991,,,,
2025/3/20,858,750121,23177769,30.75,30.95,30.75,30.92,0.44,681,,,,
2025/3/21,858,681136,20962647,30.84,30.84,30.72,30.73,-0.19,648,,,,
2025/3/24,858,435096,13469565,30.91,30.98,30.91,30.97,0.24,634,,,,
2025/3/25,858,1098990,34451559,31.27,31.38,31.27,31.32,0.35,672,,,,
2025/3/26,858,1122526,35325305,31.49,31.5,31.45,31.45,0.13,492,,,,
2025/3/27,858,447110,13908401,31.09,31.14,31.08,31.13,-0.32,939,,,,
2025/3/28,858,725260,22478944,31.12,31.12,30.96,31.03,-0.1,548,,,,
2025/3/31,858,2096376,63285540,30.16,30.23,30.14,30.23,-0.8,1697,,,,
2025/4/1,858,693245,21122524,30.32,30.57,30.32,30.57,0.34,739,,,,
2025/4/2,858,521093,15980655,30.6,30.69,30.6,30.65,0.08,534,,,,
2025/4/7,858,6322118,168496319,27,27,26.17,26.52,-4.13,3671,,,,
2025/4/8,858,3103620,86088155,27.51,27.89,27.5,27.69,1.17,1572,,,,
2025/4/9,858,3090937,82245636,26.67,26.93,26.36,26.5,-1.19,2139,,,,
2025/4/10,858,3532967,104225596,29.88,29.88,29.38,29.39,2.89,1614,,,,
2025/4/11,858,2373524,67279643,28.15,28.61,28,28.57,-0.82,1355,,,,
2025/4/14,858,2650114,76256509,28.88,28.91,28.68,28.9,0.33,951,,,,
2025/4/15,858,1332110,38404432,28.85,28.87,28.75,28.82,-0.08,1054,,,,
2025/4/16,858,838824,24006767,28.73,28.73,28.44,28.44,-0.38,1227,,,,
2025/4/17,858,1268685,36039274,28.3,28.49,28.3,28.48,0.04,569,,,,
2025/4/18,858,354341,10089570,28.48,28.53,28.42,28.49,0.01,517,,,,
2025/4/21,858,1523570,42787119,28.34,28.34,27.98,28.01,-0.48,1082,,,,
2025/4/22,858,761193,21098758,27.76,27.78,27.65,27.69,-0.32,1115,,,,
2025/4/23,858,950955,27270893,28.5,28.75,28.5,28.68,0.99,547,,,,
2025/4/24,858,379646,10926399,28.87,28.92,28.68,28.72,0.04,478,,,,
2025/4/25,858,896583,26411577,29.5,29.56,29.4,29.47,0.75,700,,,,
2025/4/28,858,517782,15260569,29.5,29.5,29.44,29.45,-0.02,685,,,,
2025/4/29,858,581092,17171049,29.58,29.6,29.49,29.49,0.04,457,,,,
2025/4/30,858,717123,21048448,29.48,29.49,29.24,29.24,-0.25,799,,,,
2025/5/2,858,1106912,32503255,29.46,29.82,29.06,29.25,0.01,796,,,,
2025/5/5,858,3116279,87376494,29.1,29.16,27.72,27.84,-1.41,1848,,,,
2025/5/6,858,1159314,32499934,27.65,28.14,27.64,28.06,0.22,703,,,,
2025/5/7,858,695077,19559715,28.12,28.25,28.08,28.16,0.1,522,,,,
2025/5/8,858,749774,21256041,28.34,28.41,28.29,28.41,0.25,510,,,,
2025/5/9,858,1260467,35700518,28.39,28.43,28.26,28.32,-0.09,902,,,,
2025/5/12,858,986038,28285924,28.56,28.72,28.56,28.71,0.39,567,,,,
2025/5/13,858,2053192,60042625,29.25,29.3,29.15,29.25,0.54,825,,,,
2025/5/14,858,1355997,40033680,29.5,29.6,29.47,29.51,0.26,813,,,,
2025/5/15,858,743011,21814845,29.51,29.51,29.31,29.32,-0.19,835,,,,
2025/5/16,858,346406,10198499,29.48,29.49,29.4,29.46,0.14,500,,,,
2025/5/19,858,531917,15649958,29.47,29.47,29.39,29.42,-0.04,641,,,,
2025/5/20,858,1017282,30150062,29.59,29.69,29.59,29.61,0.19,551,,,,
2025/5/21,858,1119306,32965590,29.57,29.57,29.42,29.44,-0.17,694,,,,
2025/5/22,858,1026296,29703604,29.17,29.18,28.89,28.92,-0.52,1157,,,,
2025/5/23,858,426482,12341281,29.18,29.18,28.89,28.9,-0.02,513,,,,
2025/5/26,858,542002,15656180,28.95,28.95,28.84,28.9,0,546,,,,
2025/5/27,858,345513,9969913,28.98,28.98,28.83,28.89,-0.01,507,,,,
2025/5/28,858,301486,8800249,29.32,29.32,29.16,29.19,0.3,435,,,,
2025/5/29,858,430941,12743667,29.5,29.63,29.5,29.58,0.39,418,,,,
2025/6/2,858,511074,14879815,29.23,29.23,29.03,29.11,-0.47,709,,,,
2025/6/3,858,395625,11610319,29.42,29.42,29.31,29.31,0.2,410,,,,
2025/6/4,858,744856,22050178,29.6,29.63,29.59,29.6,0.29,474,,,,
2025/6/5,858,274858,8114946,29.56,29.56,29.5,29.55,-0.05,497,,,,
2025/6/6,858,640433,18851501,29.47,29.47,29.42,29.46,-0.09,543,,,,
2025/6/9,858,449832,13339081,29.55,29.7,29.55,29.65,0.19,558,,,,
2025/6/10,858,1647007,49100201,29.73,29.85,29.7,29.81,0.16,651,,,,
2025/6/11,858,651664,19400977,29.82,29.86,29.74,29.75,-0.06,496,,,,
2025/6/12,858,1548398,45792438,29.69,29.69,29.48,29.52,-0.23,638,,,,
2025/6/13,858,1564290,45518152,29.16,29.22,29.01,29.17,-0.35,987,,,,
2025/6/16,858,1047744,30704771,29.33,29.35,29.25,29.3,0.13,430,,,,
2025/6/17,858,1031001,30222843,29.32,29.36,29.28,29.3,0,378,,,,
2025/6/18,858,581125,17003707,29.3,29.33,29.23,29.26,-0.04,510,,,,
2025/6/19,858,1216123,35488329,29.17,29.23,29.09,29.23,-0.03,417,,,,
2025/6/20,858,974598,28398174,29.22,29.22,29.11,29.15,-0.08,434,,,,
2025/6/23,858,391745,11436147,29.15,29.28,29.1,29.24,0.09,322,,,,
2025/6/24,858,380010,11266131,29.68,29.73,29.62,29.63,0.39,385,,,,
2025/6/25,858,834951,24788707,29.78,29.78,29.64,29.7,0.07,449,,,,
2025/6/26,858,1772463,52271244,29.63,29.63,29.43,29.43,-0.27,817,,,,
2025/6/27,858,1650634,48715744,29.61,29.62,29.46,29.47,0.04,406,,,,
2025/6/30,858,1301656,38786644,29.72,29.93,29.7,29.87,0.4,525,,,,
2025/7/1,858,1773633,53322831,30.65,30.65,29.93,29.93,0.06,557,,,,
2025/7/2,858,2865384,85526485,29.88,29.9,29.8,29.83,-0.1,949,,,,
2025/7/3,858,2260435,67269240,29.86,29.86,29.71,29.75,-0.08,1319,,,,
2025/7/4,858,1290241,38590089,29.94,29.94,29.87,29.9,0.15,583,,,,
2025/7/7,858,903531,27125283,29.96,30.08,29.92,30.04,0.14,593,,,,
2025/7/8,858,725841,21781392,30.02,30.03,29.98,30.02,-0.02,510,,,,
2025/7/9,858,1927577,57845848,30.02,30.04,29.96,30.02,0,951,,,,
2025/7/10,858,2035206,61561727,30.15,30.29,30.15,30.28,0.26,733,,,,
2025/7/11,858,1952094,59201091,30.31,30.37,30.29,30.37,0.09,896,,,,
2025/7/14,858,2366788,71437727,30.22,30.22,30.15,30.17,-0.2,1291,,,,
2025/7/15,858,1791147,54681191,30.38,30.61,30.38,30.61,0.44,814,,,,
2025/7/16,858,3017796,91784490,30.43,30.45,30.36,30.43,-0.18,1456,,,,
2025/7/17,858,1884163,57537602,30.51,30.58,30.5,30.55,0.12,732,,,,
2025/7/18,858,1418114,43612166,30.75,30.81,30.71,30.8,0.25,826,,,,
2025/7/21,858,3015066,92837825,30.8,30.85,30.72,30.84,0.04,1125,,,,
2025/7/22,858,4852995,149163929,30.75,30.77,30.7,30.7,-0.14,1938,,,,
2025/7/23,858,5683489,174396414,30.72,30.73,30.64,30.69,-0.01,2526,,,,
2025/7/24,858,3530682,103869533,29.44,29.44,29.39,29.41,0,2061,,,,
2025/7/25,858,2013205,59607389,29.54,29.66,29.52,29.61,0.2,1047,,,,
2025/7/28,858,1908593,57001513,29.84,29.89,29.84,29.87,0.26,839,,,,
2025/7/29,858,1740811,52134728,29.95,30.01,29.88,30,0.13,935,,,,
2025/7/30,858,1395472,41728070,29.91,29.93,29.88,29.92,-0.08,863,,,,
2025/7/31,858,1660296,50247584,30.2,30.35,30.13,30.34,0.42,857,,,,
2025/8/1,858,1982885,59523816,29.93,30.1,29.89,29.99,-0.35,1247,,,,
2025/8/4,858,2140870,63243783,29.58,29.6,29.46,29.56,-0.43,1648,,,,
2025/8/5,858,1140304,34192059,29.96,30,29.95,29.98,0.42,614,,,,
2025/8/6,858,1065831,31864742,29.83,29.94,29.82,29.92,-0.06,645,,,,
2025/8/7,858,1165394,35083911,30.18,30.18,30.02,30.03,0.11,616,,,,
2025/8/8,858,853078,25634471,30.03,30.09,30.01,30.05,0.02,506,,,,
2025/8/11,858,1321568,40043767,30.26,30.34,30.26,30.28,0.23,745,,,,
2025/8/12,858,1275168,38565919,30.25,30.27,30.22,30.26,-0.02,654,,,,
2025/8/13,858,1802094,55052498,30.55,30.59,30.51,30.56,0.3,814,,,,
2025/8/14,858,893263,27307352,30.57,30.59,30.54,30.57,0.01,556,,,,
2025/8/15,858,1807126,55582895,30.75,30.79,30.72,30.76,0.19,734,,,,
2025/8/18,858,825074,25280381,30.67,30.68,30.62,30.62,-0.14,740,,,,
2025/8/19,858,690652,21146868,30.6,30.64,30.6,30.62,0,597,,,,
2025/8/20,858,1279277,38942745,30.47,30.47,30.41,30.44,-0.18,869,,,,
2025/8/21,858,1027619,31489990,30.49,30.75,30.49,30.71,0.27,496,,,,
2025/8/22,858,2527954,77733597,30.7,30.82,30.68,30.74,0.03,538,,,,
2025/8/25,858,1175969,36426259,31,31.03,30.93,30.97,0.23,618,,,,
2025/8/26,858,624750,19284115,30.84,30.9,30.82,30.9,-0.07,495,,,,
2025/8/27,858,1517844,47306983,31.17,31.18,31.14,31.17,0.27,617,,,,
2025/8/28,858,1160126,36100746,31.15,31.15,31.09,31.11,-0.06,531,,,,
2025/8/29,858,891992,27881280,31.19,31.29,31.19,31.23,0.12,528,,,,
